,Name,GS_Name,CNPqLevel,Begin,End,University,GS_H5,GS_Cits,GS_Cits_2010,GS_H5_2010
0,Abilio Pereira de Lucena Filho,,1C,01/03/2014,28/02/2018,UFRJ,,,,
1,Adenilso da Silva Simão,Adenilso Simao,2,01/03/2013,29/02/2016,USP,13,629,459,12
2,Adriana Santarosa Vivacqua,,2,01/03/2013,29/02/2016,UFRJ,,,,
3,Adriano Alonso Veloso,Adriano Veloso,2,01/03/2012,28/02/2015,UFMG,17,989,702,16
4,Adriano Lorena Inacio de Oliveira,Adriano L I Oliveira,2,01/03/2013,29/02/2016,UFPE,14,666,434,11
5,Afonso Paiva Neto,Lus Miguel Vicente Afonso Neto,2,01/03/2014,28/02/2017,USP,10,729,571,9
6,Agma Juci Machado Traina,Agma J. M. Traina,1B,01/03/2014,28/02/2018,USP,26,2994,1550,19
7,Alba Cristina Magalhães Alves de Melo,Alba Cristina Magalhaes Alves de Melo,1D,01/03/2011,28/02/2015,UNB,12,396,277,10
8,Alberto Henrique Frade Laender,Alberto H. F. Laender,1A,01/03/2014,28/02/2019,UFMG,29,3664,1658,19
9,Alceu de Souza Britto Jr,Alceu de Souza Britto Jr,1D,01/08/2013,28/02/2015,PUC/PR,15,712,460,12
10,Aldo von Wangenheim,Aldo von Wangenheim,2,01/03/2012,28/02/2015,UFSC,14,1051,580,12
11,Aldri Luiz dos Santos,Aldri Luiz dos Santos,2,01/03/2012,28/02/2015,UFPR,11,764,623,10
12,Alejandro César Frery Orgambide,,1B,01/03/2014,28/02/2018,UFAL,,,,
13,Alessandro Fabricio Garcia,Alessandro Garcia,1D,01/06/2013,31/05/2017,PUC-Rio,34,5039,2572,24
14,Alessandro Lameiras Koerich,Alessandro L. Koerich,2,01/03/2014,28/02/2017,PUC/PR,19,1147,737,15
15,Alexandre Plastino de Carvalho,Alexandre N. Carvalho,2,01/03/2013,29/02/2016,UFF,24,1791,986,19
16,Alexandre Xavier Falcão,,1C,01/03/2011,28/02/2015,UNICAMP,,,,
17,Alfredo Goldman vel Lejbman,,2,01/03/2014,28/02/2017,USP,,,,
18,Altigran Soares da Silva,Altigran Soares da Silva,1D,01/03/2011,28/02/2015,UFAM,26,3038,1436,18
19,Aluizio Fausto Ribeiro Araújo,,1D,01/03/2011,28/02/2015,UFPE,,,,
20,Ana Carolina Lorena,Ana Carolina Lorena,2,01/03/2012,28/02/2015,UFABC,14,687,507,11
21,Ana Cristina Bicharra Garcia,Ana Garca-Valcrcel,2,01/03/2013,29/02/2016,UFF,23,1758,1045,15
22,Ana Lucia Cetertich Bazzan,Ana Bazzan,1C,01/03/2014,28/02/2018,UFRGS,26,2610,1400,19
23,Ana Paula Couto da Silva,Ana Mrcia Silva,2,01/03/2012,28/02/2015,UFJF,52,14671,9084,40
24,Ana Shirley Ferreira da Silva,Ana Mrcia Silva,2,01/03/2014,28/02/2017,UFC,52,14671,9084,40
25,Ana Teresa de Castro Martins,Ana Margarida Martins,2,01/03/2014,28/02/2017,UFC,20,1410,824,16
26,Anderson de Rezende Rocha,Prof. Dr. Anderson Rocha,2,01/03/2013,29/02/2016,UNICAMP,16,882,805,15
27,Anderson Maciel,Anderson Maciel,2,01/03/2013,29/02/2016,UFRGS,11,413,231,8
28,Andre Carlos Ponce de Leon Ferreira de Carvalho,Andr Lopes Carvalho,1B,01/03/2012,29/02/2016,USP,44,4769,3210,34
29,André Fujita,Andr Fujita,2,01/03/2014,28/02/2017,USP,13,595,517,12
30,André Luís Vasconcelos Coelho,Andr L. V. Coelho,2,01/03/2013,29/02/2016,UNIFOR,12,502,350,10
31,Andre Luiz Lins de Aquino,Jos Andrs Matutes Aquino,2,01/03/2014,28/02/2017,UFAL,18,848,479,13
32,André Ricardo Backes,Andr Backes,2,01/03/2013,29/02/2016,UFU,13,550,506,12
33,André Santanchè,Andr Santanch,2,01/03/2013,29/02/2016,UNICAMP,8,383,186,6
34,Anelise Munaretto Fonseca,,2,01/03/2012,28/02/2015,UTFPR,,,,
35,Angelo Roncalli Alencar Brayner,,2,01/03/2012,28/02/2015,UNIFOR,,,,
36,Anna Helena Reali Costa,Ana Cristina Figueiredo de Melo Costa,2,01/03/2012,28/02/2015,USP,20,1268,929,17
37,Anne Magaly de Paula Canuto,,2,01/03/2013,29/02/2016,UFRN,,,,
38,Anselmo Cardoso de Paiva,Anselmo Cardoso de Paiva,2,01/03/2012,28/02/2015,UFMA,13,461,351,9
39,Antonio Alberto Fernandes de Oliveira,Antnio Gouveia Oliveira,1D,01/03/2012,29/02/2016,UFRJ,21,1473,814,18
40,Antonio Alfredo Ferreira Loureiro,Antonio Loureiro,1B,01/03/2011,28/02/2015,UFMG,40,6340,4163,29
41,Antonio Augusto de Aragao Rocha,Jos Antonio Rocha Gontijo,2,01/03/2014,28/02/2017,UFF,21,1616,872,16
42,Antonio de Padua Braga,Antnio de Pdua Braga,1C,01/08/2013,28/02/2015,UFMG,17,1889,903,13
43,Antonio Marinho Pilla Barcellos,,2,01/03/2012,28/02/2015,UFRGS,,,,
44,Antônio Tadeu Azevedo Gomes,Antonio Gomes Souza Filho,2,01/03/2013,29/02/2016,LNCC,47,8602,4362,31
45,Aristófanes Corrêa Silva,,2,01/03/2012,28/02/2015,UFMA,,,,
46,Arnaldo de Albuquerque Araújo,Arnaldo de Albuquerque Araujo,1D,01/03/2014,28/02/2018,UFMG,16,1231,767,14
47,Arnaldo Vieira Moura,Arnaldo Moura,2,01/03/2012,28/02/2015,UNICAMP,11,508,310,10
48,Arndt von Staa,,2,01/03/2012,28/02/2015,PUC-Rio,,,,
49,Artur Ziviani,Artur Ziviani,1D,01/03/2012,29/02/2016,LNCC,18,1435,915,14
50,Augusto Cezar Alves Sampaio,"LIMA, Gerlando Augusto Sampaio Franco de",1B,01/03/2013,28/02/2017,UFPE,9,212,176,8
51,Aurora Trinidad Ramirez Pozo,,2,01/03/2013,29/02/2016,UFPR,,,,
52,Benjamín René Callejas Bedregal,Benjamin Bedregal,1D,01/03/2013,28/02/2017,UFRN,16,1174,922,16
53,Bruno Feijo,,1C,01/03/2014,28/02/2018,PUC-Rio,,,,
54,Bruno Motta de Carvalho,Bruno Motta de Carvalho,2,01/03/2013,29/02/2016,UFRN,10,580,209,6
55,Bruno Richard Schulze,,1D,01/03/2014,28/02/2018,LNCC,,,,
56,Caetano Traina Junior,Caetano Traina Jnior,1B,01/03/2014,28/02/2018,USP,26,2846,1500,19
57,Carina Friedrich Dorneles,Carina F. Dorneles,2,01/03/2014,28/02/2017,UFSC,9,196,122,7
58,Carla Maria Dal Sasso Freitas,Carla Freitas,1C,01/03/2012,29/02/2016,UFRGS,9,293,263,8
59,Carlile Campos Lavor,Carlile Lavor,1D,01/03/2011,28/02/2015,UNICAMP,22,1242,982,17
60,Carlos Alberto de Jesus Martinhon,Carlos Martinho,2,01/03/2013,29/02/2016,UFF,16,894,624,13
61,Carlos Alberto Kamienski,Carlos Alberto Kamienski,2,01/03/2012,28/02/2015,UFABC,12,663,420,8
62,Carlos Becker Westphall,Carlos Becker Westphall,1C,01/03/2014,28/02/2018,UFSC,14,1193,731,10
63,Carlos Eduardo Ferreira,Sergio T. Ferreira,1D,01/03/2011,28/02/2015,USP,40,5193,3096,28
64,Carlos Eduardo Pereira,Carlos Eduardo Pereira,1B,01/08/2013,29/02/2016,UFRGS,19,2153,1304,15
65,Carlos Eduardo Thomaz,Carlos Eduardo Thomaz,2,01/03/2012,28/02/2015,FEI,15,742,490,12
66,Carlos Henrique Costa Ribeiro,Carlos Roberto Ribeiro de Carvalho Carvalho,2,01/03/2014,28/02/2017,ITA,37,11712,6308,26
67,Carlos José Pereira de Lucena,Carlos Jos Pereira de Lucena,1A,01/03/2010,28/02/2015,PUC-Rio,38,6503,2401,23
68,Cecília Mary Fischer Rubira,,1D,01/03/2014,28/02/2018,UNICAMP,,,,
69,Célia Aparecida Zorzo Barcelos,Maria Celia Barcellos Dalri,1D,01/03/2014,28/02/2018,UFU,14,469,323,10
70,Celia Picinin de Mello,Celia Picinin de Mello,1C,01/03/2014,28/02/2018,UNICAMP,10,294,172,8
71,Celina Miraglia Herrera de Figueiredo,Celina Miraglia Herrera de Figueiredo,1A,01/03/2012,28/02/2017,UFRJ,18,1010,536,11
72,Célio Vinicius Neves de Albuquerque,Celio Albuquerque,1D,01/03/2014,28/02/2018,UFF,17,1189,681,13
73,Celso da Cruz Carneiro Ribeiro,Celso C. Ribeiro,1A,01/03/2011,29/02/2016,UFF,40,6815,3096,26
74,Celso Massaki Hirata,Celso Hirata,2,01/03/2013,29/02/2016,ITA,7,218,134,6
75,Cesar Augusto Fonticielha De Rose,Jlio Cesar de Rose,2,01/03/2013,29/02/2016,PUCRS,28,2376,1316,20
76,Christiane Anneliese Gresse von Wangenheim,Christiane Gresse von Wangenheim,2,01/03/2014,28/02/2017,UFSC,17,1314,725,14
77,Cid Carvalho de Souza,Cid Carvalho de Souza,1C,01/08/2013,28/02/2015,UNICAMP,20,1178,592,13
78,Clarisse Sieckenius de Souza,Clarisse Sieckenius de Souza,1B,01/03/2014,28/02/2018,PUC-Rio,22,2872,1243,14
79,Claudia Linhares Sales,,1D,01/03/2014,28/02/2018,UFC,,,,
80,Claudia Maria Bauzer Medeiros,Claudia Bauzer Medeiros,1A,01/03/2012,28/02/2017,UNICAMP,23,1992,708,14
81,Claudia Maria Lima Werner,,1D,01/03/2011,28/02/2015,UFRJ,,,,
82,Cláudio Leonardo Lucchesi,,1A,01/03/2012,28/02/2017,UFMS,,,,
83,Claudio Luis de Amorim,,2,01/03/2012,28/02/2015,UFRJ,,,,
84,Cláudio Rosito Jung,CLAUDIO ROSITO JUNG,1D,01/03/2011,28/02/2015,UFRGS,22,1614,1103,19
85,Cleonice Fátima Bracciali,Cleonice Ftima Bracciali,2,01/03/2013,29/02/2016,UNESP,7,173,87,6
86,Clodoveu Augusto Davis Junior,,2,01/03/2013,29/02/2016,UFMG,,,,
87,Corina da Costa Freitas,corina da costa freitas,1C,01/03/2014,28/02/2018,INPE,22,2484,1313,16
88,Cristina Gomes Fernandes,Cristina G. Fernandes,1D,01/03/2013,28/02/2017,USP,11,480,266,8
89,Daniel Fernandes Macedo,Hugo Daniel Macedo,2,01/03/2013,29/02/2016,UFMG,5,70,70,5
90,Daniel Macêdo Batista,Daniel Batista,2,01/03/2013,29/02/2016,USP,9,432,375,9
91,Daniel Morgato Martin,Anatole Daniel Martin,2,01/03/2013,29/02/2016,UFABC,21,2138,1209,18
92,Daniel Ratton Figueiredo,Daniel R. Figueiredo,2,01/03/2012,28/02/2015,UFRJ,14,1238,454,10
93,Daniel Schwabe,Daniel Schwabe,1C,01/03/2014,28/02/2018,PUC-Rio,35,6650,1403,19
94,David Boris Paul Déharbe,David Deharbe,2,01/03/2013,29/02/2016,UFRN,15,617,259,8
95,David Corrêa Martins Junior,David Correa Martins Junior,2,01/03/2012,28/02/2015,UFABC,8,231,153,8
96,Denis Fernando Wolf,Denis Wolf,2,01/03/2012,28/02/2015,USP,16,1140,779,14
97,Denise Guliato,,2,01/03/2012,28/02/2015,UFU,,,,
98,Divanilson Rodrigo de Sousa Campelo,Divanilson R. Campelo,2,01/03/2013,29/02/2016,UFPE,7,352,288,6
99,Djamel Fawzi Hadj Sadok,,1D,01/03/2011,28/02/2015,UFPE,,,,
100,Dorgival Olavo Guedes Neto,Dorgival Netto,2,01/03/2014,28/02/2017,UFMG,1,4,4,1
101,Edleno Silva de Moura,Edleno Silva de Moura,1D,01/03/2011,28/02/2015,UFAM,25,2574,1295,20
102,Edmundo Albuquerque de Souza e Silva,Edmundo de Souza e Silva,1A,01/03/2010,28/02/2015,UFRJ,22,1663,474,11
103,Edmundo Roberto Mauro Madeira,Edmundo Madeira,1D,01/03/2014,28/02/2018,UNICAMP,17,1182,701,13
104,Edson Norberto Cáceres,,2,01/03/2014,28/02/2017,UFMS,,,,
105,Edson Prestes e Silva Júnior,"""Edson Amaro Jr"" or ""amaro jr, e"" or ""edson amaro"" or ""amaro, e""",2,01/03/2013,29/02/2016,UFRGS,31,3180,2104,27
106,Eduardo Camponogara,Eduardo Camponogara,1D,01/03/2014,28/02/2018,UFSC,16,1532,931,12
107,Eduardo Candido Xavier,Eduardo Candido Xavier,2,01/03/2012,28/02/2015,UNICAMP,8,252,210,8
108,Eduardo Coelho Cerqueira,Eduardo Cerqueira,2,01/03/2014,28/02/2017,UFPA,13,657,519,11
109,Eduardo Freire Nakamura,Eduardo Freire Nakamura,2,01/03/2013,29/02/2016,FUCAPI,21,2131,1600,17
110,Eduardo Magno Lages Figueiredo,Eduardo Figueiredo,2,01/03/2013,29/02/2016,UFMG,18,1737,1079,16
111,Eduardo Santana de Almeida,Eduardo Alves de Almeida,2,01/03/2014,28/02/2017,UFBA,21,1480,975,18
112,Eduardo Sany Laber,,1C,01/03/2014,28/02/2018,PUC-Rio,,,,
113,Edward Hermann Haeusler,Edward Haeusler,2,01/03/2014,28/02/2017,PUC-Rio,10,400,207,7
114,Elaine Gouvêa Pimentel,Elaine Pimentel,2,01/03/2014,28/02/2017,UFRN,8,156,83,6
115,Elias Procópio Duarte Júnior,Jorge Elias Jr,1D,01/03/2013,28/02/2017,UFPR,21,1599,1038,17
116,Emerson Luiz do Monte Carmelo,,2,01/03/2014,28/02/2017,UEM,,,,
117,Emilio Del Moral Hernandez,Emilio Hernandez-Garcia,2,01/03/2013,29/02/2016,USP,30,3209,1690,20
118,Érika Fernandes Cota,,2,01/03/2012,28/02/2015,UFRGS,,,,
119,Ernesto Julián Goldberg Birgin,Ernesto G. Birgin,1C,01/03/2011,28/02/2015,USP,27,3476,2427,21
120,Eros Comunello,Eros Comunelo,2,01/03/2014,28/02/2017,UNIVALI,10,338,266,9
121,Estevam Rafael Hruschka Júnior,Estevam R. Hruschka Jr.,2,01/03/2014,28/02/2017,UFSCAR,14,1322,1169,10
122,Eugene Francis Vinod Rebello,,2,01/03/2013,29/02/2016,UFF,,,,
123,Fabian Luis Vargas,Fabin Santiago Vargas,1D,01/03/2012,29/02/2016,PUCRS,1,1,1,1
124,Fabiano Passuelo Hessel,Fabiano Hessel,2,01/03/2013,29/02/2016,PUCRS,16,675,322,9
125,Fabio Andre Machado Porto,Fabio Porto,2,01/03/2013,29/02/2016,LNCC,16,1060,651,11
126,Fabio Gagliardi Cozman,Fabio Gagliardi Cozman,1C,01/08/2013,28/02/2015,USP,28,3077,1366,17
127,Fabio Kon,Fabio Kon,1D,01/03/2014,28/02/2018,USP,24,3335,899,14
128,Fabio Luciano Verdi,Fabio Verdi,2,01/03/2013,29/02/2016,UFSCAR,12,364,236,9
129,Fábio Protti,Fbio Protti,1B,01/03/2014,28/02/2018,UFF,15,695,501,14
130,Fabrício Benevenuto de Souza,Fabricio Simeoni de Sousa,2,01/03/2013,29/02/2016,UFOP,6,283,180,5
131,Fabrício Enembreck,Fabrcio Enembreck,2,01/03/2012,28/02/2015,PUC/PR,10,337,170,6
132,Fátima de Lourdes dos Santos Nunes Marques,Ftima Estrada Mrquez,2,01/03/2014,28/02/2017,USP,6,142,123,6
133,Fátima Nelsizeuma Sombra de Medeiros,,2,01/03/2014,28/02/2017,UFC,,,,
134,Felipe Maia Galvão França,,2,01/03/2014,28/02/2017,UFRJ,,,,
135,Felipe Rech Meneguzzi,Felipe Meneguzzi,2,01/03/2014,28/02/2017,PUCRS,11,484,384,10
136,Fernanda Araujo Baião Amorim,,2,01/03/2014,28/02/2017,UNIRIO,,,,
137,Fernando Buarque de Lima Neto,"Fernando Eduardo Padovan-Neto, PhD",2,01/03/2013,29/02/2016,UPE,7,194,153,7
138,Fernando José Castor de Lima Filho,Fernando Antnio vila,2,01/03/2012,28/02/2015,UFPE,11,540,246,7
139,Fernando Magno Quintão Pereira,Fernando Pereira,2,01/03/2013,29/02/2016,UFMG,70,30728,14045,46
140,Fernando Vieira Paulovich,Fernando V. Paulovich,2,01/03/2012,28/02/2015,USP,18,1024,820,17
141,Flávia Coimbra Delicato,Flavia Delicato,2,01/03/2012,28/02/2015,UFRJ,14,635,491,12
142,Flávia Maria Santoro,,2,01/03/2012,28/02/2015,UNIRIO,,,,
143,Flávio Bortolozzi,Flavio Bortolozzi,2,01/03/2012,28/02/2015,PUC/PR,26,2169,878,14
144,Flávio Keidi Miyazawa,Flavio Keidi Miyazawa,1C,01/03/2011,28/02/2015,UNICAMP,16,927,435,11
145,Flávio Rech Wagner,Flvio R Wagner,1B,01/08/2013,28/02/2015,UFRGS,21,1499,725,14
146,Flavio Soares Correa da Silva,Flavio Henrique-Silva,2,01/03/2013,29/02/2016,USP,22,1411,858,17
147,Francisco de Assis Tenorio de Carvalho,Francisco de Assis Tenorio de Carvalho,1B,01/03/2014,28/02/2018,UFPE,24,1932,1133,18
148,Francisco Vilar Brasileiro,Francisco Brasileiro,1D,01/03/2011,28/02/2015,UFCG,23,2657,1295,17
149,Franklin de Lima Marquezino,Franklin de Lima Marquezino,2,01/03/2014,28/02/2017,UFRJ,4,83,70,4
150,George Darmiton da Cunha Cavalcanti,George Darmiton C. Cavalcanti,2,01/03/2014,28/02/2017,UFPE,12,524,407,11
151,Geraldo Robson Mateus,Geraldo R. Mateus,1A,01/03/2013,28/02/2018,UFMG,24,1805,977,15
152,Gerson Zaverucha,gerson zaverucha,1D,01/03/2014,28/02/2018,UFRJ,12,586,224,7
153,Gilson Antonio Giraldi,,2,01/03/2014,28/02/2017,LNCC,,,,
154,Gina Maira Barbosa de Oliveira,Gina Maira Barbosa de Oliveira,2,01/03/2014,28/02/2017,UFU,13,454,251,9
155,Gisele Lobo Pappa,Gisele L. Pappa,2,01/03/2014,28/02/2017,UFMG,14,562,448,11
156,Gordana Manic,,2,01/03/2013,29/02/2016,UFABC,,,,
157,Graçaliz Pereira Dimuro,,2,01/03/2014,28/02/2017,FURG,,,,
158,Guido Costa Souza de Araújo,Guido Araujo,1B,01/03/2014,28/02/2018,UNICAMP,19,1507,634,10
159,Guilherme Horta Travassos,Guilherme Horta Travassos,1D,01/03/2011,28/02/2015,UFRJ,31,4190,2300,23
160,Guilherme Pimentel Telles,guilherme p. telles,2,01/03/2013,29/02/2016,UNICAMP,11,529,264,9
161,Gustavo Enrique de Almeida Prado Alves Batista,Gustavo Batista,2,01/03/2014,28/02/2017,USP,16,2096,1417,13
162,Gustavo Sousa Pavani,Gustavo Sousa Pavani,2,01/03/2012,28/02/2015,UFABC,9,206,138,7
163,Hae Yong Kim,Hae-Won Kim,2,01/03/2013,29/02/2016,USP,98,53765,43304,87
164,Haroldo Fraga de Campos Velho,Haroldo Campos Velho,2,01/03/2014,28/02/2017,INPE,14,640,231,8
165,Haroldo Gambini Santos,Haroldo Gambini Santos,2,01/03/2014,28/02/2017,UFOP,8,294,244,8
166,Hélio Pedrini,Hlio Pedrini,2,01/03/2013,29/02/2016,UNICAMP,14,683,507,13
167,Henrique Pacca Loureiro Luna,Henrique Pacca Loureiro Luna,1B,01/03/2012,29/02/2016,UFAL,11,1031,455,9
168,Hermes Senger,Hermes Senger,2,01/03/2013,29/02/2016,UFSCAR,6,111,72,5
169,Horacio Antonio Braga Fernandes de Oliveira,,2,01/03/2014,28/02/2017,UFAM,,,,
170,Hugo Fuks,Hugo Fuks,2,01/03/2012,28/02/2015,PUC-Rio,26,2733,808,14
171,Jacob Scharcanski,,1C,01/03/2014,28/02/2018,UFRGS,,,,
172,Jacques Wainer,Jacques Wainer,1D,01/03/2014,28/02/2018,UNICAMP,26,2615,1317,19
173,Jaelson Freire Brelaz de Castro,Jaelson Castro,2,01/03/2014,28/02/2017,UFPE,24,3303,1312,16
174,Jano Moreira de Souza,Jano Moreira de Souza,1D,01/03/2014,28/02/2018,UFRJ,15,1307,752,10
175,Jauvane Cavalcante de Oliveira,Jauvane C. de Oliveira,2,01/03/2012,28/02/2015,LNCC,9,261,78,5
176,Jayme Luiz Szwarcfiter,Jayme Luiz Szwarcfiter,1A,01/03/2012,28/02/2017,UFRJ,23,2368,1273,18
177,João Eduardo Ferreira,Joo Lus Ferreira Batista,2,01/03/2013,29/02/2016,USP,14,1024,453,11
178,Joao Jose Vasco Peixoto Furtado,Joo Furtado,2,01/03/2012,28/02/2015,UNIFOR,18,1515,647,12
179,Joao Luiz Dihl Comba,Joao Comba,1D,01/03/2012,29/02/2016,UFRGS,18,1562,732,12
180,João Paulo Andrade Almeida,Joo Ricardo Moreira de Almeida,2,01/03/2012,28/02/2015,UFES,14,1253,1072,14
181,João Paulo Gois,Joo Batista Duarte,2,01/03/2014,28/02/2017,UFABC,14,794,499,11
182,Joaquim Bento Cavalcante Neto,Joaquim Brasil Neto,2,01/03/2014,28/02/2017,UFC,25,4997,1520,19
183,Joceli Mayer,"Joceli Mayer, Ph.D.",2,01/03/2012,28/02/2015,UFSC,12,405,222,8
184,Jomi Fred Hübner,Jomi Fred Hbner,2,01/03/2013,29/02/2016,UFSC,24,3324,2130,17
185,Joni da Silva Fraga,Joni Fraga,1D,01/03/2011,28/02/2015,UFSC,12,631,191,6
186,Jorge Petrúcio Viana,,2,01/03/2014,28/02/2017,UFF,,,,
187,Jorge Stolfi,,1A,01/08/2013,29/02/2016,UNICAMP,,,,
188,José Antonio Fernandes de Macêdo,Jose Antonio Fernandes de Macedo,2,01/03/2013,29/02/2016,UFC,14,1066,927,13
189,Jose Carlos Maldonado,Jose Carlos Maldonado,1A,01/03/2014,28/02/2019,USP,31,3789,1973,23
190,José Ferreira de Rezende,Jos F. de Rezende,1D,01/03/2014,28/02/2018,UFRJ,18,1197,480,11
191,Jose Marcos Silva Nogueira,Mauricio L Nogueira,1D,01/03/2011,28/02/2015,UFMG,18,824,606,16
192,Jose Neuman de Souza,Sandro Jos de Souza,1D,01/03/2014,28/02/2018,UFC,32,4105,1156,17
193,José Palazzo Moreira de Oliveira,Jose Eduardo Dutra de Oliveira,1C,01/03/2011,28/02/2015,UFRGS,26,2780,1053,13
194,Jose Ricardo de Almeida Torreao,,2,01/03/2014,28/02/2017,UFF,,,,
195,Judith Kelner,,1D,01/03/2014,29/02/2016,UFPE,,,,
196,Jugurta Rosa Montalvao Filho,Jugurta Lisboa Filho,2,01/03/2013,29/02/2016,UFS,11,409,158,7
197,Julio César López Hernández,Julio Hernandez-Castro,2,01/03/2012,28/02/2015,UNICAMP,20,2143,1569,18
198,Julio Cesar Sampaio do Prado Leite,Julio Cesar Sampaio do Prado Leite (Julio Cesar Leite (jcspl)),1C,01/03/2014,28/02/2018,PUC-Rio,32,4748,2010,23
199,Julius Cesar Barreto Leite,Julio Cesar Sampaio do Prado Leite (Julio Cesar Leite (jcspl)),2,01/03/2013,29/02/2016,UFF,32,4748,2010,23
200,Junior Barrera,Junior Barrera,1B,01/03/2012,29/02/2016,USP,22,1956,462,11
201,Jussara Marques de Almeida,Jussara Almeida,1D,01/03/2012,29/02/2016,UFMG,33,5476,2868,26
202,Karin Koogan Breitman,Karin Breitman,2,01/03/2014,28/02/2017,PUC-Rio,17,1369,843,14
203,Kelvin Lopes Dias,Kelvin Lopes Dias,2,01/03/2012,28/02/2015,UFPE,7,217,134,5
204,Lau Cheuk Lung,Lau Cheuk Lung,2,01/03/2014,28/02/2017,UFSC,16,888,440,12
205,Leandro Nunes de Castro Silva,Leandro Rodrigues e Silva,2,01/03/2013,29/02/2016,MACKENZIE,6,170,82,4
206,Leila Ribeiro,Leila Ribeiro,2,01/03/2014,28/02/2015,UFRGS,15,1177,335,9
207,Leizer de Lima Pinto,,2,01/03/2013,29/02/2016,UFG,,,,
208,Leliane Nunes de Barros,Leliane Nunes de Barros,2,01/03/2013,29/02/2016,USP,12,445,230,7
209,Leonardo Gresta Paulino Murta,Leonardo Gresta Paulino Murta,2,01/03/2012,28/02/2015,UFF,17,1047,666,14
210,Lisandro Zambenedetti Granville,Lisandro Zambenedetti Granville,1D,01/03/2014,28/02/2018,UFRGS,17,1112,665,11
211,Loana Tito Nogueira,Loana Tito Nogueira,2,01/03/2012,28/02/2015,UFF,7,228,146,6
212,Luci Pirmez,Luci Pirmez,2,01/03/2013,29/02/2016,UFRJ,13,524,303,11
213,Lucia Catabriga,,2,01/03/2013,29/02/2016,UFES,,,,
214,Lúcia Maria de Assumpção Drummond,Lcia Drummond,1D,01/03/2014,28/02/2018,UFF,13,677,387,10
215,Luciana Nedel,Luciana Nedel,2,01/03/2012,28/02/2015,UFRGS,17,1221,554,13
216,Luciana Salete Buriol,,2,01/03/2014,28/02/2017,UFRGS,,,,
217,Luciano Antonio Digiampietri,Luciano Antonio Digiampietri,2,01/03/2014,28/02/2017,USP,12,852,527,11
218,Luciano da Fontoura Costa,luciano costa,1A,01/03/2014,28/02/2019,USP,37,8091,4556,28
219,Luciano Paschoal Gaspary,Luciano Paschoal Gaspary,2,01/03/2014,28/02/2017,UFRGS,15,706,381,11
220,Luciano Silva,Luciano Paulino Silva,1D,01/08/2013,28/02/2015,UFPR,25,1688,961,20
221,Luerbio Faria,,1D,01/03/2011,28/02/2015,UERJ,,,,
222,Luidi Gelabert Simonetti,Luidi Simonetti,2,01/03/2012,28/02/2015,UFF,7,191,176,6
223,Luigi Carro,Luigi Carro,1B,01/03/2014,28/02/2018,UFRGS,30,3869,2000,21
224,Luis Alfredo Vidal de Carvalho,Fernando Luiz de Campos Carvalho,1D,01/03/2012,29/02/2016,UFRJ,21,1332,369,9
225,Luís da Cunha Lamb,,1C,01/03/2014,28/02/2017,UFRGS,,,,
226,Luis Enrique Zárate,LUIS GPE ZARATE LOPEZ,2,01/03/2013,29/02/2016,PUC Minas,6,353,230,6
227,Luis Gustavo Nonato,Luis Gustavo Nonato,1C,01/03/2014,28/02/2018,USP,16,1028,725,15
228,Luis Henrique Maciel Kosmalski Costa,Luis Rosero-Bixby,1D,01/03/2014,28/02/2018,UFRJ,24,3358,919,13
229,Luis Menasché Schechter,,2,01/03/2013,29/02/2016,UFRJ,,,,
230,Luiz Carlos Pessoa Albini,,2,01/03/2013,29/02/2016,UFPR,,,,
231,Luiz Chaimowicz,Luiz Chaimowicz,2,01/03/2012,28/02/2015,UFMG,15,1213,643,12
232,Luiz Eduardo Soares de Oliveira,Luiz C. A. Oliveira,1D,01/03/2014,28/02/2015,UFPR,28,2698,2078,26
233,Luiz Fernando Gomes Soares,Luis Eduardo Soares Netto,1A,01/03/2014,28/02/2019,PUC-Rio,24,2798,1057,20
234,Luiz Fernando Rust da Costa Carmo,Roberto Luiz do Carmo,2,01/03/2013,29/02/2016,INMETRO,13,584,307,9
235,Luiz Filipe Menezes Vieira,Lus F. Vieira Ferreira,2,01/03/2013,29/02/2016,UFMG,26,2317,987,16
236,Luiz Henrique Andrade Correia,Henrique Luiz Correa,2,01/03/2013,29/02/2016,UFLA,23,4804,2088,15
237,Luiz Marcos Garcia Goncalves,Luis Goncalves,2,01/03/2013,29/02/2016,UFRN,22,1635,883,16
238,Luiz Satoru Ochi,Luiz Satoru Ochi,1C,01/03/2014,28/02/2018,UFF,20,1375,927,17
239,Luiza de Macedo Mourelle,Luiza de Macedo Mourelle,1D,01/03/2014,28/02/2018,UERJ,15,915,593,11
240,Manoel Bezerra Campêlo Neto,Manoel Barral Netto,2,01/03/2014,28/02/2017,UFC,46,6597,2862,29
241,Manuel Menezes de Oliveira Neto,Manuel Menezes de Oliveira Neto,1D,01/03/2011,28/02/2015,UFRGS,24,2598,1393,19
242,Marcela Xavier Ribeiro,Marcela Xavier Ribeiro,2,01/03/2013,29/02/2016,UFSCAR,10,331,243,8
243,Marcelo Bezerra d'Amorim,Marcelo d'Amorim,2,01/03/2013,29/02/2016,UFPE,12,596,385,11
244,Marcelo Ferreira Siqueira,Marcelo Mallet Siqueira Campos,2,01/03/2013,29/02/2016,UFRN,1,1,0,0
245,Marcelo Finger,Marcelo Finger,1C,01/03/2011,28/02/2015,USP,17,1950,550,11
246,Marcelo Henriques de Carvalho,Marcelo Carvalho Minhoto Teixeira,1D,01/03/2014,28/02/2018,UFMS,18,2020,1148,14
247,Marcelo Soares Pimenta,"Pimenta, Marcelo S.",2,01/03/2013,29/02/2016,UFRGS,14,930,569,12
248,Marcelo Walter,Marcelo Walter,2,01/03/2014,28/02/2017,UFRGS,9,331,133,6
249,Márcia Rosana Cerioli,Mrcia R. Cerioli,2,01/03/2014,28/02/2017,UFRJ,8,236,146,7
250,Marcilio Carlos Pereira de Souto,Marcilio C. P. de Souto,2,01/03/2012,28/02/2015,UFPE,15,857,555,11
251,Márcio de Oliveira Barros,Mrcio Barros,2,01/03/2013,29/02/2016,UNIRIO,12,674,378,9
252,Márcio Porto Basgalupp,Mrcio Basgalupp,2,01/03/2014,28/02/2017,UNIFESP,9,250,245,9
253,Marco Antonio Casanova,Marco Antonio Casanova,1B,01/03/2014,28/02/2018,PUC-Rio,25,3173,1085,14
254,Marco Antônio Pinheiro de Cristo,Marco Cristo,2,01/03/2012,28/02/2015,UFAM,15,933,601,13
255,Marco Aurélio Gerosa,Marco Aurelio Gerosa,2,01/03/2013,29/02/2016,USP,21,1541,699,14
256,Marco Aurélio Spohn,Marco Spohn,2,01/03/2012,28/02/2015,UFCG,10,436,337,10
257,Marco Tulio de Oliveira Valente,Marco Valente,1D,01/03/2012,29/02/2016,UFMG,16,990,511,14
258,Marcos André Gonçalves,Marcos Andre Goncalves,1D,01/03/2013,28/02/2017,UFMG,34,4364,2730,27
259,Marcos Antonio Simplicio Junior,Paulo De Marco Jnior,2,01/03/2014,28/02/2017,USP,24,2013,1489,21
260,Marcos Augusto Menezes Vieira,Marco Vieira,2,01/03/2014,28/02/2017,UFMG,22,1592,1135,18
261,Marcos Gonçalves Quiles,Marcos G. Quiles,2,01/03/2013,29/02/2016,UNIFESP,7,209,183,6
262,Marcos Roberto da Silva Borges,Marcos R. S. Borges,1D,01/03/2012,29/02/2016,UFRJ,26,2502,1055,15
263,Marcus Rolf Peter Ritt,,2,01/03/2013,29/02/2016,UFRGS,,,,
264,Marcus Vinicius Soledade Poggi de Aragao,,1C,01/03/2014,28/02/2018,PUC-Rio,,,,
265,Maria Claudia Reis Cavalcanti,Maria Tereza Leal Cavalcante,2,01/03/2013,29/02/2016,IME,3,80,49,3
266,Maria Cristina Ferreira de Oliveira,Maria do Rosrio Dias de Oliveira Latorre,1C,01/03/2014,28/02/2018,USP,43,6119,3605,30
267,Maria da Graca Campos Pimentel,Maria da Graa Campos Pimentel,1D,01/03/2012,29/02/2016,USP,19,1466,618,12
268,Maria do Carmo Nicoletti,Maria da Graa Nicoletti Mizukami,2,01/03/2013,29/02/2016,UFSCAR,19,2867,1413,16
269,Maria Emília Machado Telles Walter,Walter Priesnitz Filho,2,01/03/2013,29/02/2016,UNB,2,12,11,1
270,Mário Fernando Montenegro Campos,Mario Campos,1B,01/03/2014,28/02/2018,UFMG,24,2109,1047,18
271,Mario Roberto Folhadela Benevides,Mario Benevides,2,01/03/2014,28/02/2017,UFRJ,8,350,129,5
272,Marley Maria Bernardes Rebuzzi Vellasco,Marley Vellasco,1C,01/03/2014,28/02/2018,PUC-Rio,21,2027,787,13
273,Marta Lima de Queiros Mattoso,Marta Mattoso,1C,01/03/2011,28/02/2015,UFRJ,25,2556,1540,20
274,Martin Alejandro Musicante,Martin Musicante,2,01/03/2013,29/02/2016,UFRN,10,337,135,6
275,Mauricio Ayala Rincon,Mauricio Ayala Rincon,1D,01/03/2014,28/02/2018,UNB,13,588,345,11
276,Maurício Ferreira Magalhães,Mauricio Magalhes,2,01/03/2014,28/02/2017,UNICAMP,14,775,461,12
277,Mauro Antonio Rincon,Mauro Antonio Rincon,2,01/03/2014,28/02/2017,UFRJ,7,148,73,5
278,Mauro Sergio Pereira Fonseca,Mauro Fonseca,2,01/03/2013,29/02/2016,PUC/PR,10,216,111,5
279,Miguel Elias Mitre Campista,Miguel Elias M. Campista,2,01/03/2013,29/02/2016,UFRJ,13,904,748,13
280,Mirella Moura Moro,Mirella M. Moro,2,01/03/2013,29/02/2016,UFMG,15,610,345,11
281,Mylene Christine Queiroz de Farias,Mylene Farias,2,01/03/2013,29/02/2016,UNB,14,609,356,10
282,Myriam Regattieri De Biase da Silva Delgado,Myriam Delgado,2,01/03/2012,28/02/2015,UTFPR,13,607,341,10
283,Nabor das Chagas Mendonça,Nabor Mendonca,2,01/03/2012,28/02/2015,UNIFOR,12,391,198,8
284,Nadia Nedjah,Nadia Nedjah,1D,01/03/2014,28/02/2018,UERJ,18,1398,910,13
285,Nalvo Franco de Almeida Junior,Nalvo F Almeida Jr,2,01/03/2014,28/02/2017,UFMS,18,2957,1405,16
286,Nelson Delfino d'Ávila Mascarenhas,Nelson D. A. Mascarenhas,1B,01/03/2014,28/02/2018,UFSCAR,15,852,361,11
287,Nelson Luis Saldanha da Fonseca,Nelson J. G. Fonseca,1B,01/03/2011,28/02/2015,UNICAMP,10,364,324,9
288,Nelson Maculan Filho,Paulo Nelson Filho,1A,01/03/2010,28/02/2015,UFRJ,22,1539,1094,19
289,Nina Sumiko Tomita Hirata,Nina S. T. Hirata,2,01/03/2013,29/02/2016,USP,11,423,145,7
290,Nivio Ziviani,Nivio Ziviani,1A,01/03/2012,28/02/2017,UFMG,32,3528,1472,21
291,Odemir Martinez Bruno,Odemir Martinez Bruno,1D,01/03/2011,28/02/2015,USP,18,1443,1239,16
292,Olga Regina Pereira Bellon,Olga Regina Pereira Bellon,1D,01/03/2014,28/02/2018,UFPR,16,1175,786,14
293,Orlando Gomes Loques Filho,Orlando Fatibello-Filho,2,01/03/2013,29/02/2016,UFF,37,4767,2909,27
294,Orlando Lee,Orlando Lee,2,01/03/2012,28/02/2015,UNICAMP,6,146,103,4
295,Otávio Augusto Salgado Carpinteiro,,2,01/03/2013,29/02/2016,UNIFEI,,,,
296,Paulo André Vechiatto de Miranda,Rosa Helena Miranda Grande,2,01/03/2013,29/02/2016,USP,23,1528,987,20
297,Paulo Augusto Silva Veloso,Andres Rodriguez Veloso,1A,01/03/2010,28/02/2015,UFRJ,4,40,27,3
298,Paulo Cesar Masiero,Gilmar Masiero,1D,01/03/2011,28/02/2015,USP,8,217,136,6
299,Paulo Costa Carvalho,Andre C Ponce de Leon F de Carvalho,2,01/03/2014,28/02/2017,FIOCRUZ,29,4748,2841,25
300,Paulo Eduardo Santos,Jose Paulo Santos,2,01/03/2012,28/02/2015,FEI,34,11400,9332,25
301,Paulo Henrique Lemelle Fernandes,Jos Carlos Fernandes Galdurz,2,01/03/2014,28/02/2017,PUCRS,28,3993,1990,21
302,Paulo Henrique Monteiro Borba,Paulo Borba,1D,01/03/2014,28/02/2018,UFPE,28,3135,1456,20
303,Paulo Martins Engel,Paulo Martins Engel,2,01/03/2013,29/02/2016,UFRGS,13,668,338,8
304,Paulo Roberto Freire Cunha,,1B,01/03/2011,28/02/2015,UFPE,,,,
305,Paulo Roberto Oliveira,Maria do Rosrio Dias de Oliveira Latorre,1D,01/03/2014,28/02/2018,UFRJ,43,6119,3605,30
306,Paulo Romero Martins Maciel,Rui M. B. Maciel,1D,01/03/2011,28/02/2015,UFPE,30,3168,1448,19
307,Paulo Sérgio Licciardi Messeder Barreto,Paulo Barreto,1D,01/03/2013,28/02/2017,USP,25,4928,2552,21
308,Paulo Sérgio Sausen,Paulo Srgio Sausen,2,01/03/2014,28/02/2017,UNIJUI,9,313,274,8
309,Philippe Olivier Alexandre Navaux,Philippe Navaux,1D,01/03/2011,28/02/2015,UFRGS,17,1246,728,13
310,Rafael Dueire Lins,Rafael Dueire Lins,1C,01/03/2012,29/02/2016,UFPE,22,2700,806,13
311,Rafael Heitor Bordini,Rafael H. Bordini,2,01/03/2013,29/02/2016,PUCRS,35,4294,2255,20
312,Rafael Prikladnicki,Rafael Prikladnicki,2,01/03/2013,29/02/2016,PUCRS,20,1523,1031,15
313,Raphael Carlos Santos Machado,Rafael Machado Reis,2,01/03/2013,29/02/2016,INMETRO,6,91,88,6
314,Raquel Aparecida de Freitas Mini,,2,01/03/2013,29/02/2016,PUC Minas,,,,
315,Raquel Cardoso de Melo Minardi,Raquel Cardoso de Melo-Minardi,2,01/03/2013,29/02/2016,UFMG,8,4371,4322,7
316,Regina Borges de Araujo,ANGELA REGINA ARAUJO,2,01/03/2012,28/02/2015,UFSCAR,16,714,475,14
317,Regivan Hugo Nunes Santiago,Regivan H. N. Santiago,2,01/03/2013,29/02/2016,UFRN,9,393,309,7
318,Renata Galante,Renata Galante,2,01/03/2013,29/02/2016,UFRGS,9,226,169,9
319,Renata Hax Sander Reiser,,2,01/03/2014,28/02/2017,UFPEL,,,,
320,Renata Maria Cardoso Rodrigues de Souza,Renata S. Sousa-Lima,2,01/03/2013,29/02/2016,UFPE,10,317,235,9
321,Renata Pereira de Freitas,Renata N. Freitas,2,01/03/2013,29/02/2016,UFF,6,130,109,6
322,Renata Vieira,Renata Vieira,2,01/03/2013,29/02/2016,PUCRS,24,2416,984,15
323,Renata Wassermann,Renata Wassermann,2,01/03/2014,28/02/2017,USP,12,678,368,10
324,Renato Antonio Celso Ferreira,Renato Antnio Celso Ferreira,1D,01/03/2014,28/02/2018,UFMG,18,1487,520,13
325,Renato Antonio Krohling,Renato Krohling,2,01/03/2013,29/02/2016,UFES,19,1744,1113,17
326,Renato Mariz de Moraes,Renato de Moraes,2,01/03/2012,28/02/2015,UNB,13,839,488,11
327,Renato Portugal,Renato Pereira Monteiro,1D,01/03/2012,29/02/2016,LNCC,0,0,0,0
328,Renato Tinós,Renato Tins,2,01/03/2012,28/02/2015,USP,13,637,386,10
329,Ricardo Alexandre Reinaldo de Moraes,Ricardo Loureno-de-Moraes,2,01/03/2014,28/02/2017,UFSC,3,24,24,3
330,Ricardo da Silva Torres,Ricardo da Silva Torres,1D,01/03/2013,28/02/2017,UNICAMP,22,2115,1661,21
331,Ricardo Dahab,Ricardo Dahab,2,01/03/2012,28/02/2015,UNICAMP,21,2380,1286,16
332,Ricardo Farias,Ricardo Faria Ribeiro,2,01/03/2014,28/02/2017,UFRJ,19,1099,841,18
333,Ricardo Guerra Marroquim,Ricardo Marroquim,2,01/03/2013,29/02/2016,UFRJ,7,170,130,7
334,Ricardo Martins de Abreu Silva,Ricardo Silva,2,01/03/2013,29/02/2016,UFPE,9,8929,8546,9
335,Ricardo Massa Ferreira Lima,Ricardo Massa Ferreira Lima,2,01/03/2013,29/02/2016,UFPE,12,550,364,10
336,Roberto Hirata Junior,Roberto M Cesar-Jr,2,01/03/2014,28/02/2017,USP,28,3681,1780,16
337,Roberto Marcondes Cesar Junior,Roberto M Cesar-Jr,1B,01/03/2011,28/02/2015,USP,28,3681,1780,16
338,Rodolfo Jardim de Azevedo,Rodolfo Azevedo,2,01/03/2012,28/02/2015,UNICAMP,12,630,372,8
339,Rodrigo Fernandes de Mello,Rodrigo Bandeira-de-Mello,2,01/03/2012,28/02/2015,USP,13,816,617,9
340,Rohit Gheyi,Rohit Gheyi,2,01/03/2014,28/02/2017,UFCG,14,762,493,10
341,Rômulo Silva de Oliveira,Rmulo Silva de Oliveira,2,01/03/2013,29/02/2016,UFSC,8,428,184,6
342,Ronaldo Fumio Hashimoto,Ronaldo Fumio Hashimoto,2,01/03/2014,28/02/2017,USP,11,640,280,8
343,Ronaldo Moreira Salles,Ronaldo M Salles,2,01/03/2014,28/02/2017,IME,10,295,210,8
344,Rosa Maria Meri Leão,Rosa Leao,2,01/03/2012,28/02/2015,UFRJ,10,352,236,7
345,Rosa Maria Vicari,Rosa Maria Vicari,2,01/03/2012,28/02/2015,UFRGS,20,1724,706,12
346,Rosane Minghim,Rosane Minghim,1D,01/03/2012,29/02/2016,USP,17,1211,736,14
347,Roseli Aparecida Francelin Romero,Roseli Aparecida Francelin Romero,2,01/03/2013,29/02/2016,USP,13,909,456,8
348,Roseli Suzi Wedemann,,2,01/03/2014,28/02/2017,UERJ,,,,
349,Rudinei Goularte,Rudinei Goularte,2,01/03/2014,28/02/2017,USP,13,543,284,9
350,Rudini Menezes Sampaio,,2,01/03/2013,29/02/2016,UFC,,,,
351,Ruy Luiz Milidiu,,2,01/03/2014,28/02/2017,PUC-Rio,,,,
352,Sandra Aparecida de Amo,Sandra de Amo,2,01/03/2014,28/02/2017,UFU,11,464,226,9
353,Sandro Rigo,Sandro Rigo,2,01/03/2012,28/02/2015,UNICAMP,11,474,263,7
354,Sebastián Alberto Urrutia,Sebastin Urrutia,2,01/03/2014,28/02/2017,UFMG,14,610,453,12
355,Sergio Castelo Branco Soares,Sergio Soares,2,01/03/2014,28/02/2017,UFPE,17,1761,967,12
356,Sheila Regina Murgel Veloso,,1D,01/03/2012,29/02/2016,UERJ,,,,
357,Siang Wun Song,Siang Wun Song,1A,01/03/2010,28/02/2015,USP,15,985,232,8
358,Silvia Regina Vergilio,Silvia Mari,2,01/03/2013,29/02/2016,UFPR,5,48,47,5
359,Silvio do Lago Pereira,Silvio do Lago Pereira,2,01/03/2013,29/02/2016,CEETEPS,4,95,53,4
360,Simone Dantas de Souza,Simone do Rocio Senger de Souza,1D,01/03/2014,28/02/2018,UFF,12,435,234,9
361,Simone Diniz Junqueira Barbosa,Simone Diniz Junqueira Barbosa,2,01/03/2013,29/02/2016,PUC-Rio,19,2239,978,12
362,Siome Klein Goldenstein,Siome Goldenstein,1D,01/03/2014,28/02/2018,UNICAMP,17,1092,751,14
363,Soraia Raupp Musse,Soraia Raupp Musse,1D,01/03/2013,28/02/2017,PUCRS,23,2422,1173,16
364,Stênio Flávio de Lacerda Fernandes,Stenio Fernandes,2,01/03/2014,28/02/2017,UFPE,12,652,542,11
365,Sulamita Klein,,1B,01/08/2013,28/02/2015,UFRJ,,,,
366,Susana Scheimberg de Makler,,1C,01/03/2012,29/02/2016,UFRJ,,,,
367,Teresa Bernarda Ludermir,teresa ludermir,1A,01/08/2013,29/02/2016,UFPE,18,3234,1846,15
368,Thais Vasconcelos Batista,Thais Batista,2,01/03/2014,28/02/2017,UFRN,17,1282,706,14
369,Thiago Ferreira de Noronha,Thiago F. Noronha,2,01/03/2013,29/02/2016,UFMG,10,283,189,8
370,Tiago Alessandro Espinola Ferreira,Tiago A. E. Ferreira,2,01/03/2013,29/02/2016,UFRPE,11,531,347,9
371,Uira Kulesza,Uir Kulesza,2,01/03/2013,29/02/2016,UFRN,23,2707,1572,18
372,Valmir Carneiro Barbosa,,1A,01/03/2010,28/02/2015,UFRJ,,,,
373,Vanessa Braganholo Murta,,2,01/03/2014,28/02/2017,UFF,,,,
374,Vinícius Gusmão Pereira de Sá,Vinicius Castro Souza,2,01/03/2013,29/02/2016,UFRJ,17,2623,1938,15
375,Virgilio Augusto Fernandes Almeida,Virgilio Almeida,1A,01/03/2010,28/02/2015,UFMG,40,7468,3824,32
376,Vivek Nigam,Vivek Nigam,2,01/03/2013,29/02/2016,UFPB,10,307,262,9
377,Viviane Pereira Moreira,Viviane P. Moreira,2,01/03/2015,29/02/2016,UFRGS,10,385,232,8
378,Viviane Pereira Moreira,Viviane P. Moreira,2,01/03/2012,28/02/2015,UFRGS,10,385,232,8
379,Wagner Meira Junior,"Wagner Meira, Jr.",1C,01/03/2010,29/02/2016,UFMG,33,3953,2156,24
380,Wagner Meira Junior,"Wagner Meira, Jr.",1C,01/03/2016,28/02/2017,UFMG,33,3953,2156,24
381,Waldemar Celes Filho,,2,01/03/2012,28/02/2015,PUC-Rio,,,,
382,William Robson Schwartz,William J Schwartz,2,01/03/2014,28/02/2017,UFMG,47,7752,1506,20
383,Wu Shin-Ting,,2,01/03/2013,29/02/2016,UNICAMP,,,,
384,Yoshiharu Kohayakawa,Yoshiharu Kohayakawa,1A,01/03/2014,28/02/2019,USP,26,2118,1092,19
385,Yoshiko Wakabayashi,Yoshiko Wakabayashi,1A,01/03/2011,29/02/2016,USP,17,1251,527,11
386,Yoshiko Wakabayashi,Yoshiko Wakabayashi,1A,01/03/2016,28/02/2017,USP,17,1251,527,11
387,Yuri Abitbol de Menezes Frota,Yuri Frota,2,01/03/2013,29/02/2016,UFF,5,108,84,5
388,Zanoni Dias,Zanoni Dias,2,01/03/2013,29/02/2016,UNICAMP,13,662,337,11
389,Zhao Liang,zhao-liang li,1C,01/03/2012,29/02/2016,USP,35,6443,3615,30